{"sgd_mean_syn_list": [0.47157869935035707, 7.369114882749272e-08, 0.00012575695072882808, 0.0003099530644249171, 0.0002790970727801323, 0.0004363012150861323, 0.00018042824376607314, 0.00032105210848385466, 0.0005273195885820315, 0.0003643451927928254, 0.0004771427949890494, 0.0006712610367685557, 0.0002533738501369953, 0.000376028468599543, 0.0005466756760142743, 0.0004787086159922183, 0.00024160449393093587, 0.0004613454977516085, 0.0004254208179190755, 0.0005027247709222138, 0.00048495353548787533, 0.0004461804812308401, 0.0005580900295171886, 0.0004137609852477908, 0.0003977302520070225], "sgd_sd_syn_list": [0.017601308220384495, 2.477257410156479e-09, 8.875868895297026e-05, 0.00018561011390443147, 0.0001462340401919651, 0.0004254633510222792, 8.793731737951076e-05, 0.00019294548960844767, 0.00040062231097784753, 0.00022519747366463576, 0.00024323589558053696, 0.00032945831930134765, 8.252080130957249e-05, 0.0002071472353947721, 0.0003701691893879582, 0.00022962475218189183, 6.524687435368417e-05, 0.00010428415099905624, 0.00015486476125358873, 0.0002219977520825044, 0.00028944089193882604, 0.0002484077929436408, 0.00023377445697282564, 0.00012911296953889762, 8.216365156723022e-05], "adam_mean_syn_list": [0.4245258212089539, 1.1721507115680652e-05, 0.0015867048758082091, 0.0018100157612934709, 0.008784201182425021, 0.006835004175081849, 0.007874358957633377, 0.00995337711647153, 0.007192591857165098, 0.017899323627352713, 0.009561184607446194, 0.03522418774664402, 0.024650335125625134, 0.0603787362575531, 0.0691794604063034, 0.06301591582596303, 0.07724192142486572, 0.07534421235322952, 0.09569962322711945, 0.10121357440948486, 0.0837358370423317, 0.07736256644129753, 0.08334797769784927, 0.06671445593237876, 0.06994244828820229], "adam_sd_syn_list": [0.0014999187961977538, 2.2262565597399524e-05, 0.001615551778974995, 0.0007387828460314197, 0.007737256993725557, 0.005389436874185065, 0.005452670516634802, 0.004556372455823542, 0.005599830023126981, 0.011200614214029134, 0.0028428111972386766, 0.01722519134859066, 0.012189496716363194, 0.006668728335129787, 0.02606526789517593, 0.02326629629580435, 0.020602178137627342, 0.018522412881518648, 0.01977156639824797, 0.019184184923693816, 0.019176826718820362, 0.027214661568430287, 0.007317044661278268, 0.008085139095435685, 0.021245629819004585], "asd1_mean_syn_list": [0.5437980175018311, 8.979331482805719e-08, 0.011336625750266194, 0.04704580493271351, 0.02601906520212651, 0.02285777609795332, 0.05834855772554874, 0.09037668630480766, 0.09335261955857277, 0.07541459128260612, 0.09401537328958512, 0.14623858630657197, 0.1167087659239769, 0.09376537501811981, 0.11813276112079621, 0.09592635631561279, 0.1266407400369644, 0.11842740625143051, 0.13565157651901244, 0.124658964574337, 0.14125646352767945, 0.13818121552467347, 0.12860041707754136, 0.12441232055425644, 0.15266548097133636], "asd1_sd_syn_list": [0.011612379572074425, 6.828662538136052e-09, 0.01878935780481583, 0.031061751310005912, 0.025069619350140026, 0.012526502608709106, 0.026273803187957634, 0.0310102262409501, 0.043044729051468285, 0.023574154461106396, 0.024024448131011795, 0.05198377054085406, 0.02686299051213704, 0.019422672059538668, 0.015084597493110837, 0.025372632120029617, 0.015924256330990223, 0.02156538336483399, 0.033824336234646146, 0.026308509453374575, 0.025981655165775955, 0.03042920203721455, 0.02649276022065213, 0.02498723113953171, 0.03965257178255215], "asd2_mean_syn_list": [0.5136437714099884, 8.385240874986266e-08, 0.021365643379976974, 0.02382934216875583, 0.018013105913996696, 0.030802453495562078, 0.018233245238661766, 0.036970794945955274, 0.04080167673528194, 0.040709107741713525, 0.040492604672908786, 0.06111209988594055, 0.0639425478875637, 0.04758549928665161, 0.0739233523607254, 0.07506364211440086, 0.08638906925916671, 0.06898968517780305, 0.0966137856245041, 0.08387029021978379, 0.0805407628417015, 0.09026613384485245, 0.07855748534202575, 0.07932072132825851, 0.08021677285432816], "asd2_sd_syn_list": [0.010320993744519329, 2.7755257756873843e-09, 0.013313292112990985, 0.025644398786524854, 0.008365358389699139, 0.023159455539772028, 0.004344830179763053, 0.010009311556806084, 0.01196842742564873, 0.008325942121518735, 0.0098927761643256, 0.005839385450425111, 0.006221505491025988, 0.006462504753144741, 0.017811478516415093, 0.01507309042555884, 0.010620075977129568, 0.014609925924009224, 0.02205849709304825, 0.010495836709344916, 0.011153527497257069, 0.008260746992163852, 0.013353509687244046, 0.013123655701350245, 0.015480315854965341], "sgd_mean_real_list": [0.14611232578754424, 0.0965550646185875, 0.07585904002189636, 0.06224639862775803, 0.04364671930670738, 0.04154375195503235, 0.039837302267551424, 0.03763122484087944, 0.03810375779867172, 0.03779931738972664, 0.03837931156158447, 0.0370929017663002, 0.03698510453104973, 0.03795070499181748, 0.035470002144575116, 0.03625439628958702, 0.037235941737890244, 0.03706897646188736, 0.03662989586591721, 0.036783389002084735, 0.03682820051908493, 0.03729784414172173, 0.03479076027870178, 0.035840710252523424, 0.03419741503894329], "sgd_sd_real_list": [0.0027503318241637637, 0.0013045036702816167, 0.000691419143017, 0.0036061080107405792, 0.002130683132580884, 0.002705547575517885, 0.0015988420121421892, 0.0017725323495249138, 0.0020135410280419305, 0.0012729118156640888, 0.002062722896473231, 0.0010661963826254354, 0.0010897191393625032, 0.0006404399431327082, 0.002003300781201425, 0.002391043459850353, 0.0006304001003644907, 0.00139815801264388, 0.0019342753941760497, 0.0007872464917511429, 0.002181885967679562, 0.001608851004606269, 0.0007892925336757605, 0.0006736878532244882, 0.0018094716844847553], "adam_mean_real_list": [0.13365274369716645, 0.13327499330043793, 0.07417969405651093, 0.06040558367967606, 0.04699108600616455, 0.04317195191979408, 0.043188764899969104, 0.04292316436767578, 0.042122145742177965, 0.04333515167236328, 0.04213660806417465, 0.04347453787922859, 0.0443816527724266, 0.04491555169224739, 0.047272132337093355, 0.04691621363162994, 0.05094064548611641, 0.04930097311735153, 0.05069268643856049, 0.04894249439239502, 0.04706003740429878, 0.04774728268384933, 0.047527529299259186, 0.04807309135794639, 0.05012310221791268], "adam_sd_real_list": [0.0005410132787655335, 0.0003804865616259445, 0.0009743344735138611, 0.002072842959007225, 0.007455595816700433, 0.0027820579954076327, 0.0015655475584375807, 0.0021133181243306568, 0.0024407787788849307, 0.0029354183120001184, 0.0014748396534955647, 0.00043201374363738417, 0.001958401761525937, 0.0027401428585435783, 0.0012566879335266256, 0.001284088405881312, 0.001234894812214293, 0.003358761476223781, 0.002342354632924763, 0.0022618469516433267, 0.0020906928436877545, 0.002606323440938914, 0.0022806616135602475, 0.001545577282404832, 0.002807542999050246], "asd1_mean_real_list": [0.1517706871032715, 0.1017690971493721, 0.08824402689933777, 0.07199889123439789, 0.0876998022198677, 0.062020552903413774, 0.07236668318510056, 0.07762069553136826, 0.086662857234478, 0.08435892462730407, 0.08967806547880172, 0.0976113960146904, 0.10046329796314239, 0.09784734547138214, 0.10281965881586075, 0.10132121443748474, 0.09898051768541336, 0.09668873399496078, 0.09922411739826202, 0.1010973185300827, 0.09678921103477478, 0.0995647057890892, 0.10257247239351272, 0.09957209825515748, 0.09928378164768219], "asd1_sd_real_list": [0.001181077507603689, 0.0010116997791181634, 0.005720793351349784, 0.004498579618418957, 0.033876592133781476, 0.0167759534945556, 0.017615929719965628, 0.013815034446234673, 0.0141032648433148, 0.009994301150845401, 0.009056160581553417, 0.00883152325254534, 0.01109591189557837, 0.011206436329779176, 0.006789355003047009, 0.0033416002566381726, 0.003122111587941475, 0.0019630315907160343, 0.003939711895073523, 0.007784653358267665, 0.004417981888585392, 0.0029215167598700903, 0.006960764034620023, 0.002527946089025574, 0.00458673756402491],